rider_payment_id,rider_id,card_holder_name,card_number,card_expiry_date,card_type
pay001,CUS1001,Circuit Bengt,3.74622E+14,3/3/30,americanexpress
pay002,CUS1002,Pantry Lexie,3.47628E+14,10/27/27,americanexpress
pay003,CUS1003,Bonevant Mamie,5.00767E+15,12/23/21,mastercard
pay004,CUS1004,Theriot Ellyn,5.10015E+15,6/11/24,mastercard
pay005,CUS1005,Arnason Brockie,5.18574E+15,9/5/24,mastercard
pay006,CUS1006,Wisedale Remington,5.04838E+15,6/21/29,mastercard
pay007,CUS1007,Parrett Olin,5.10014E+15,9/17/30,mastercard
pay008,CUS1008,Asals Gracie,3.74622E+14,10/1/22,americanexpress
pay009,CUS1009,Snowsill Kienan,3.74622E+14,12/25/28,americanexpress
pay010,CUS1010,Shawyers Desmond,3.74622E+14,10/2/23,americanexpress
pay011,CUS1011,Rives Anestassia,3.74283E+14,1/21/24,americanexpress
pay012,CUS1012,Lindstrom Heath,3.74283E+14,9/3/24,americanexpress
pay013,CUS1013,Sweeten Byrom,3.72301E+14,4/26/28,americanexpress
pay014,CUS1014,Yashnov Elaine,3.46534E+14,3/16/23,americanexpress
pay015,CUS1015,Sauvain Gloria,5.00767E+15,8/26/26,mastercard
pay016,CUS1016,Deuss Beckie,5.04838E+15,2/25/23,mastercard
pay017,CUS1017,Tregenza Edgardo,5.10013E+15,3/20/26,mastercard
pay018,CUS1018,Philipeaux Karlee,5.10876E+15,4/12/27,mastercard
pay019,CUS1019,Kildale Darb,5.10875E+15,9/22/23,mastercard
pay020,CUS1020,Pirelli Thelma,5.00235E+15,5/9/29,mastercard
pay021,CUS1021,Witterick Moore,5.34443E+15,1/27/29,mastercard
pay022,CUS1022,Doody Andrus,5.32458E+15,5/11/22,mastercard
pay023,CUS1023,Austin Lannie,5.01013E+15,4/2/22,mastercard
pay024,CUS1024,Madle Dirk,5.33792E+15,2/13/26,mastercard
pay025,CUS1025,Mapplebeck Gordie,5.5889E+15,11/19/23,mastercard
pay026,CUS1026,Grewer Fidelio,5.27492E+15,7/5/25,mastercard
pay027,CUS1027,Gartenfeld Durante,5.04837E+15,4/21/25,mastercard
pay028,CUS1028,Holligan Shurlocke,5.10017E+15,7/12/25,mastercard
pay029,CUS1029,Wenman Evie,5.10875E+15,8/12/27,mastercard
pay030,CUS1030,Iacovucci Mart,5.04838E+15,9/13/26,mastercard
pay031,CUS1031,Kolakowski Ciro,5.23806E+15,10/26/22,mastercard
pay032,CUS1032,Sturley West,5.32962E+15,6/7/28,mastercard
pay033,CUS1033,Casina Deeyn,3.74288E+14,8/27/23,americanexpress
pay034,CUS1034,Wyburn Theodosia,3.74284E+14,12/16/25,americanexpress
pay035,CUS1035,Van Arsdall Britt,3.77388E+14,6/29/28,americanexpress
pay036,CUS1036,Moverley Chrissie,3.72301E+14,2/11/25,americanexpress
pay037,CUS1037,Theyer Veronike,3.74622E+14,11/15/21,americanexpress
pay038,CUS1038,Broadbridge Guthry,4.84456E+15,7/19/25,visa-electron
pay039,CUS1039,Creffeild Vanya,4.5088E+15,6/5/27,visa-electron
pay040,CUS1040,Milliken Rainer,4.17501E+15,9/1/23,visa-electron
pay041,CUS1041,Winfield Ingamar,4.9171E+15,9/29/24,visa-electron
pay042,CUS1042,Durtnall Stephana,4.91784E+15,1/3/25,visa-electron
pay043,CUS1043,Arnet Rey,4.9136E+15,4/1/25,visa-electron
pay044,CUS1044,Aughton Leonhard,6.33471E+18,10/25/23,solo
pay045,CUS1045,Sawart Micky,3.72301E+14,3/8/22,americanexpress
pay046,CUS1046,Langworthy Bealle,3.73654E+14,10/9/26,americanexpress
pay047,CUS1047,Atwater Lorain,3.74284E+14,3/27/31,americanexpress
pay048,CUS1048,Kellet Merci,3.74283E+14,7/13/25,americanexpress
pay049,CUS1049,Nesfield Heloise,3.74622E+14,12/16/28,americanexpress
pay050,CUS1050,MacCosty Deloria,5.60224E+16,9/5/25,china-unionpay
pay051,CUS1051,Arnaudi Alley,5.60225E+15,2/20/23,china-unionpay
pay052,CUS1052,McKinstry Dalton,6.3753E+15,8/12/25,instapayment
pay053,CUS1053,Grigoriev Deane,6.37996E+15,10/29/21,instapayment
pay054,CUS1054,McTavish Fred,6.37477E+15,12/27/23,instapayment
pay055,CUS1055,Ronchka Garrick,5.10015E+15,9/26/28,mastercard
pay056,CUS1056,Lofting Gray,5.00236E+15,2/29/28,mastercard
pay057,CUS1057,Prando Truman,5.34672E+15,11/14/25,mastercard
pay058,CUS1058,Salling Zeb,5.10018E+15,10/3/26,mastercard
pay059,CUS1059,Lucia Nicolette,5.60224E+17,12/17/28,china-unionpay
pay060,CUS1060,Goundsy Jenine,5.60221E+15,12/15/22,china-unionpay
pay061,CUS1061,Poole Sascha,5.60224E+17,8/8/27,china-unionpay
pay062,CUS1062,Ebdon Bertie,5.60221E+16,1/3/23,china-unionpay
pay063,CUS1063,Ficken Merna,6.37841E+15,3/15/31,instapayment
pay064,CUS1064,Lauritzen Klement,6.39951E+15,12/6/30,instapayment
pay065,CUS1065,Ponde Leopold,6.39096E+15,12/27/21,instapayment
pay066,CUS1066,Jaher Wallie,6.37098E+15,9/13/23,instapayment
pay067,CUS1067,Wassell Marla,6.39242E+15,3/19/22,instapayment
pay068,CUS1068,Sargerson Cesar,6.39504E+15,7/18/23,instapayment
pay069,CUS1069,Khadir Marcello,6.37891E+15,5/25/22,instapayment
pay070,CUS1070,Thies Brooke,3.75834E+14,6/8/30,americanexpress
pay071,CUS1071,Giabucci Kliment,5.10876E+15,2/13/31,mastercard
pay072,CUS1072,Fay Bree,5.23023E+15,2/11/26,mastercard
pay073,CUS1073,Woodus Almeta,5.38413E+15,1/25/22,mastercard
pay074,CUS1074,Blondin Garth,6.37645E+15,1/1/30,instapayment
pay075,CUS1075,Yakebovitch Vin,6.38188E+15,12/3/27,instapayment
pay076,CUS1076,Stud Glenden,6.38554E+15,9/4/23,instapayment
pay077,CUS1077,Edworthy Dasie,6.76798E+18,12/25/30,solo
pay078,CUS1078,Cruikshanks Mozes,6.76738E+15,1/8/31,solo
pay079,CUS1079,Kimble Trudy,3.72302E+14,1/7/25,americanexpress
pay080,CUS1080,Busby Bertrando,3.74622E+14,5/26/25,americanexpress
pay081,CUS1081,Blankau Athena,6.38483E+15,8/12/28,instapayment
pay082,CUS1082,Sellan Layne,6.38898E+15,11/9/21,instapayment
pay083,CUS1083,Skelton Cynthy,6.3735E+15,2/10/30,instapayment
pay084,CUS1084,Davenhill Mehetabel,6.38587E+15,3/29/27,instapayment
pay085,CUS1085,Keitley Peg,6.76762E+17,12/14/22,solo
pay086,CUS1086,Churm Cassondra,6.3348E+15,5/26/25,solo
pay087,CUS1087,Gilleson Roana,6.33448E+15,5/29/28,solo
pay088,CUS1088,Bocock Ingra,3.37942E+14,3/9/24,americanexpress
pay089,CUS1089,Chidwick Xenos,4.91345E+15,3/20/23,visa-electron
pay090,CUS1090,Pinel Aubrette,4.17501E+15,1/3/22,visa-electron
pay091,CUS1091,Thornley Cathy,4.84472E+15,8/10/26,visa-electron
pay092,CUS1092,Badby Noland,4.40529E+15,3/11/23,visa-electron
pay093,CUS1093,Brookton Hoebart,4.50868E+15,4/2/26,visa-electron
pay094,CUS1094,Turbayne Timmie,4.84418E+15,2/3/31,visa-electron
pay095,CUS1095,Baudains Sheffy,4.17501E+15,2/22/31,visa-electron
pay096,CUS1096,O'Scully Nickolas,4.02696E+15,4/15/24,visa-electron
pay097,CUS1097,Arnowitz Livy,4.40585E+15,7/4/30,visa-electron
pay098,CUS1098,Whitwham Torry,5.60225E+18,11/14/24,china-unionpay
pay099,CUS1099,Pecey Alvira,5.60226E+18,9/9/28,china-unionpay
pay100,CUS1100,Klimentyonok Mabel,5.60225E+15,7/13/29,china-unionpay
pay101,CUS1101,Edinborough Kristina,5.6104E+17,8/16/23,china-unionpay
pay102,CUS1102,Scandrite Sinclair,5.60223E+17,2/12/22,china-unionpay
pay103,CUS1103,Hardwin Bessie,5.60224E+16,5/2/22,china-unionpay
pay104,CUS1104,Livick Marietta,5.60221E+16,1/27/29,china-unionpay
pay105,CUS1105,Segot Emera,5.60222E+15,4/27/31,china-unionpay
pay106,CUS1106,Orrom Marty,5.11712E+15,3/22/30,mastercard
pay107,CUS1107,Costock Charlie,5.25291E+15,7/31/27,mastercard
pay108,CUS1108,Lamburne Roxine,5.01012E+15,7/13/27,mastercard
pay109,CUS1109,Corragan Donni,5.34466E+15,5/21/22,mastercard
pay110,CUS1110,Le Grove Adah,5.10888E+15,9/9/26,mastercard
pay111,CUS1111,Oene Ike,5.10014E+15,5/6/27,mastercard
pay112,CUS1112,Burfield Joela,5.60222E+17,2/6/29,china-unionpay
pay113,CUS1113,Hutchin Rene,5.60222E+15,7/10/26,china-unionpay
pay114,CUS1114,Dootson Cheri,5.60223E+17,3/20/30,china-unionpay
pay115,CUS1115,Cuell Tore,6.33467E+17,10/14/25,solo
pay116,CUS1116,Sive Nikos,6.33451E+15,9/17/25,solo
pay117,CUS1117,Bontine Kerianne,3.72301E+14,2/26/27,americanexpress
pay118,CUS1118,Wordesworth Averell,6.33475E+15,1/19/23,solo
pay119,CUS1119,Brislane Sinclair,6.33484E+15,10/14/22,solo
pay120,CUS1120,Moyles Port,4.175E+15,10/30/22,visa-electron
pay121,CUS1121,Pristnor Brandon,4.5082E+15,7/10/24,visa-electron
pay122,CUS1122,Gwinnell Tiphany,4.02603E+15,1/14/31,visa-electron
pay123,CUS1123,Keady Ertha,4.40587E+15,3/31/30,visa-electron
pay124,CUS1124,Hannen Rheba,6.3971E+15,6/10/24,instapayment
pay125,CUS1125,Garshore Sharline,6.38015E+15,3/4/26,instapayment
pay126,CUS1126,Kerans Nolan,6.37958E+15,6/7/29,instapayment
pay127,CUS1127,Odlin Efrem,3.74622E+14,2/2/30,americanexpress
pay128,CUS1128,Ridgers Michelina,6.39271E+15,6/10/23,instapayment
pay129,CUS1129,Huster Cate,6.38233E+15,8/30/22,instapayment
pay130,CUS1130,Goff Mildred,5.04837E+15,9/25/27,mastercard
pay131,CUS1131,Yetman Marget,5.45453E+15,4/10/23,mastercard
pay132,CUS1132,Peperell Gabriella,5.19152E+15,7/9/27,mastercard
pay133,CUS1133,Muge Steffie,5.10014E+15,11/18/29,mastercard
pay134,CUS1134,McGready Nicola,5.60225E+15,11/19/28,china-unionpay
pay135,CUS1135,Dummett Baxy,5.60223E+16,5/30/30,china-unionpay
pay136,CUS1136,Kaaskooper Delmar,5.61084E+18,5/20/23,china-unionpay
pay137,CUS1137,Jedryka Margaretha,5.61046E+16,8/5/28,china-unionpay
pay138,CUS1138,MacTurlough Randie,4.508E+15,11/17/30,visa-electron
pay139,CUS1139,Gorringe Drusy,4.84415E+15,11/5/22,visa-electron
pay140,CUS1140,Odd Neale,4.50855E+15,10/14/24,visa-electron
pay141,CUS1141,Reiners Gladys,5.61062E+15,6/13/28,china-unionpay
pay142,CUS1142,Bricket Alina,6.37612E+15,2/20/22,instapayment
pay143,CUS1143,Riccardini Bobby,6.37044E+15,12/12/25,instapayment
pay144,CUS1144,Muglestone Keven,3.76676E+14,2/12/25,americanexpress
pay145,CUS1145,Stopps Saree,6.39313E+15,5/14/22,instapayment
pay146,CUS1146,Erdis Erda,6.39342E+15,10/25/30,instapayment
pay147,CUS1147,Rollett Keenan,6.33489E+17,5/11/24,solo
pay148,CUS1148,Ridsdale Tyson,4.84414E+15,5/6/30,visa-electron
pay149,CUS1149,Thomazet Holly,4.02632E+15,8/26/30,visa-electron
pay150,CUS1150,Franzel Myrwyn,4.175E+15,1/20/23,visa-electron
pay151,CUS1151,Lattimer Adoree,4.40538E+15,8/6/26,visa-electron
pay152,CUS1152,McIlhagga Anica,5.60226E+15,7/7/22,china-unionpay
pay153,CUS1153,Hartwell Iggie,5.60224E+18,12/13/23,china-unionpay
pay154,CUS1154,Pacquet Robin,6.37786E+15,4/23/31,instapayment
pay155,CUS1155,Whannel Joelynn,6.38362E+15,12/20/22,instapayment
pay156,CUS1156,Parsonson Cash,6.38267E+15,7/24/26,instapayment
pay157,CUS1157,Kuzma Moshe,6.37476E+15,10/2/24,instapayment
pay158,CUS1158,Caustic Carri,6.39252E+15,2/13/27,instapayment
pay159,CUS1159,Briance Rebbecca,6.39405E+15,7/31/23,instapayment
pay160,CUS1160,Francom Arturo,6.37043E+15,1/8/28,instapayment
pay161,CUS1161,Haffenden Mahala,6.37496E+15,7/23/30,instapayment
pay162,CUS1162,Stowe Simona,6.38419E+15,1/13/24,instapayment
pay163,CUS1163,Schuelcke Christy,4.50897E+15,8/5/25,visa-electron
pay164,CUS1164,Larway Pepita,4.02634E+15,4/22/24,visa-electron
pay165,CUS1165,Mannock Lissa,4.40582E+15,8/27/26,visa-electron
pay166,CUS1166,Rippin Erek,5.60221E+18,7/2/28,china-unionpay
pay167,CUS1167,Rogerot Hugibert,5.60226E+17,4/2/24,china-unionpay
pay168,CUS1168,Lionel Chrysler,5.60226E+17,2/13/24,china-unionpay
pay169,CUS1169,Yushmanov Odessa,5.60225E+16,8/21/25,china-unionpay
pay170,CUS1170,Matchett Brock,5.60225E+18,9/4/24,china-unionpay
pay171,CUS1171,Lowbridge Kristyn,6.39051E+15,5/10/27,instapayment
pay172,CUS1172,Satchell Roxy,6.37882E+15,3/4/25,instapayment
pay173,CUS1173,Carsberg Pierre,6.38654E+15,10/13/22,instapayment
pay174,CUS1174,Derrington Rianon,6.37442E+15,9/6/25,instapayment
pay175,CUS1175,Pfiffer Ambrosi,3.74623E+14,12/10/30,americanexpress
pay176,CUS1176,Nappin Tilly,3.74284E+14,7/28/26,americanexpress
pay177,CUS1177,Schops Lorelei,3.74622E+14,3/11/24,americanexpress
pay178,CUS1178,Salsbury Pall,3.74623E+14,10/23/28,americanexpress
pay179,CUS1179,Lempertz Teodoor,5.60225E+16,8/13/24,china-unionpay
pay180,CUS1180,Ciccarelli Allister,5.60222E+15,9/8/25,china-unionpay
pay181,CUS1181,Juzek Kissiah,4.17501E+15,5/6/30,visa-electron
pay182,CUS1182,Sprackling Cornelle,4.0263E+15,4/11/28,visa-electron
pay183,CUS1183,Franklen Aharon,4.91386E+15,8/18/27,visa-electron
pay184,CUS1184,Blampy Ralf,4.50815E+15,3/29/30,visa-electron
pay185,CUS1185,Hesse Ermin,4.84416E+15,11/28/22,visa-electron
pay186,CUS1186,Milkins Wilhelmina,5.6102E+18,11/15/27,china-unionpay
pay187,CUS1187,Denkel Nola,5.60223E+17,3/9/27,china-unionpay
pay188,CUS1188,Cooksley Ree,5.60222E+17,8/14/25,china-unionpay
pay189,CUS1189,Krause Shelby,6.38716E+15,4/3/23,instapayment
pay190,CUS1190,Lay Gunther,3.44738E+14,11/9/24,americanexpress
pay191,CUS1191,Banaszewski Lydon,3.47091E+14,11/25/21,americanexpress
pay192,CUS1192,Akaster Briney,3.37941E+14,4/23/29,americanexpress
pay193,CUS1193,Kollaschek Lemar,3.37942E+14,2/22/31,americanexpress
pay194,CUS1194,Bizley Mischa,3.74288E+14,7/1/24,americanexpress
pay195,CUS1195,Authers Jacqueline,4.50856E+15,12/16/22,visa-electron
pay196,CUS1196,Sackey Powell,4.17501E+15,9/8/28,visa-electron
pay197,CUS1197,Petegre Mariele,4.02613E+15,6/14/25,visa-electron
pay198,CUS1198,Silliman Sal,4.02624E+15,9/6/27,visa-electron
pay199,CUS1199,Naisby Sherm,4.91752E+15,11/2/24,visa-electron
pay200,CUS1200,Mingaud Frasquito,4.40528E+15,4/26/31,visa-electron